timestamp,project_name,run_id,experiment_id,duration,emissions,emissions_rate,cpu_power,gpu_power,ram_power,cpu_energy,gpu_energy,ram_energy,energy_consumed,country_name,country_iso_code,region,cloud_provider,cloud_region,os,python_version,codecarbon_version,cpu_count,cpu_model,gpu_count,gpu_model,longitude,latitude,ram_total_size,tracking_mode,on_cloud,pue
2025-06-04T23:23:19,langgraph_pdf_chatbot,c29b89f9-d3c8-473b-aeef-e4481553fa7f,5b0fa12a-3dd7-45bb-9766-cc326314d9f1,6.995950858996366,2.2714097470696336e-05,3.2467491451126177e-06,8.173333333333334,28.177350735449902,10.0,1.4742964859497472e-05,5.475059935599984e-05,1.8032966338877383e-05,8.75265305543747e-05,Colombia,COL,valle del cauca department,,,Linux-6.11.0-17-generic-x86_64-with-glibc2.39,3.10.16,3.0.2,20,12th Gen Intel(R) Core(TM) i9-12900H,1.0,1 x NVIDIA GeForce RTX 3070 Laptop GPU,-76.523,3.4385,15.306758880615234,machine,N,1.0
2025-06-04T23:23:48,langgraph_pdf_chatbot,dcc30848-d54a-42b6-b1c0-cefd0def2089,5b0fa12a-3dd7-45bb-9766-cc326314d9f1,7.905487932999677,2.578848200470821e-05,3.262098712093406e-06,9.074285714285717,27.39901622902332,10.0,1.865881446361748e-05,6.015865923799865e-05,2.0555893919441184e-05,9.937336762105732e-05,Colombia,COL,valle del cauca department,,,Linux-6.11.0-17-generic-x86_64-with-glibc2.39,3.10.16,3.0.2,20,12th Gen Intel(R) Core(TM) i9-12900H,1.0,1 x NVIDIA GeForce RTX 3070 Laptop GPU,-76.523,3.4385,15.306758880615234,machine,N,1.0
2025-06-05T23:31:33,langgraph_pdf_chatbot,ef7a9ce0-c5a9-4f8b-a03f-37f16c187c8d,5b0fa12a-3dd7-45bb-9766-cc326314d9f1,6.347757632000139,2.2763920272711777e-05,3.586135702150148e-06,8.0,33.18165315906856,10.0,1.2988125993336629e-05,5.849754679799948e-05,1.6232845008340115e-05,8.771851779967621e-05,Colombia,COL,valle del cauca department,,,Linux-6.11.0-17-generic-x86_64-with-glibc2.39,3.10.16,3.0.2,20,12th Gen Intel(R) Core(TM) i9-12900H,1.0,1 x NVIDIA GeForce RTX 3070 Laptop GPU,-76.523,3.4385,15.3067626953125,machine,N,1.0
2025-06-05T23:40:47,langgraph_pdf_chatbot,eb8f3d4c-b6b2-45eb-91d5-610fa48b44ac,5b0fa12a-3dd7-45bb-9766-cc326314d9f1,7.556289512001967,2.6895296667325247e-05,3.5593258602130493e-06,8.0,32.57890003602102,10.0,1.5674630946668914e-05,6.837255469799991e-05,1.959118293055629e-05,0.0001036383685752,Colombia,COL,valle del cauca department,,,Linux-6.11.0-17-generic-x86_64-with-glibc2.39,3.10.16,3.0.2,20,12th Gen Intel(R) Core(TM) i9-12900H,1.0,1 x NVIDIA GeForce RTX 3070 Laptop GPU,-76.523,3.4385,15.3067626953125,machine,N,1.0
2025-06-05T23:43:01,langgraph_pdf_chatbot,60d30bc3-ab55-4784-9869-da1dc13662c3,5b0fa12a-3dd7-45bb-9766-cc326314d9f1,8.880501807001565,1.6535568866322338e-05,1.8620083893553589e-06,8.0,13.055102985396545,10.0,1.5946628753340015e-05,2.784168894000033e-05,1.992986329444951e-05,6.371818098778986e-05,Colombia,COL,valle del cauca department,,,Linux-6.11.0-17-generic-x86_64-with-glibc2.39,3.10.16,3.0.2,20,12th Gen Intel(R) Core(TM) i9-12900H,1.0,1 x NVIDIA GeForce RTX 3070 Laptop GPU,-76.523,3.4385,15.3067626953125,machine,N,1.0
2025-06-05T23:45:23,langgraph_pdf_chatbot,42086b8d-3165-4885-aecb-87306ddb7975,5b0fa12a-3dd7-45bb-9766-cc326314d9f1,9.382598470998346,1.8395175789488644e-05,1.960563040862104e-06,8.0,14.95393685439207,10.0,1.6703322531110546e-05,3.330280441999917e-05,2.087786559444188e-05,7.08839925455516e-05,Colombia,COL,valle del cauca department,,,Linux-6.11.0-17-generic-x86_64-with-glibc2.39,3.10.16,3.0.2,20,12th Gen Intel(R) Core(TM) i9-12900H,1.0,1 x NVIDIA GeForce RTX 3070 Laptop GPU,-76.523,3.4385,15.3067626953125,machine,N,1.0
2025-06-05T23:45:58,langgraph_pdf_chatbot,e0767cf7-6201-46e0-9d49-b1cffad4b952,5b0fa12a-3dd7-45bb-9766-cc326314d9f1,6.126103539998439,2.1840783177179007e-05,3.565199810054887e-06,8.0,32.94503843777638,10.0,1.249336103999263e-05,5.605198928599914e-05,1.5615949877772235e-05,8.416130020376401e-05,Colombia,COL,valle del cauca department,,,Linux-6.11.0-17-generic-x86_64-with-glibc2.39,3.10.16,3.0.2,20,12th Gen Intel(R) Core(TM) i9-12900H,1.0,1 x NVIDIA GeForce RTX 3070 Laptop GPU,-76.523,3.4385,15.3067626953125,machine,N,1.0
2025-06-05T23:46:30,langgraph_pdf_chatbot,26790ef2-49d5-4a42-8c2d-feaeeda958f5,5b0fa12a-3dd7-45bb-9766-cc326314d9f1,8.947768641999573,3.09990458713907e-05,3.464444277860016e-06,8.0,31.07797174267688,10.0,1.87648060022184e-05,7.723172845200063e-05,2.345522624721828e-05,0.0001194517607014,Colombia,COL,valle del cauca department,,,Linux-6.11.0-17-generic-x86_64-with-glibc2.39,3.10.16,3.0.2,20,12th Gen Intel(R) Core(TM) i9-12900H,1.0,1 x NVIDIA GeForce RTX 3070 Laptop GPU,-76.523,3.4385,15.3067626953125,machine,N,1.0
2025-06-05T23:49:31,langgraph_pdf_chatbot,0b062e08-3658-4985-bc1f-0c8be6898644,5b0fa12a-3dd7-45bb-9766-cc326314d9f1,5.874429587001941,1.5981806004414946e-05,2.720571549581102e-06,8.0,21.28938986031541,10.0,1.1936228662226415e-05,3.4731694451999896e-05,1.49163873944417e-05,6.158431050866801e-05,Colombia,COL,valle del cauca department,,,Linux-6.11.0-17-generic-x86_64-with-glibc2.39,3.10.16,3.0.2,20,12th Gen Intel(R) Core(TM) i9-12900H,1.0,1 x NVIDIA GeForce RTX 3070 Laptop GPU,-76.523,3.4385,15.3067626953125,machine,N,1.0
2025-06-05T23:49:53,langgraph_pdf_chatbot,6daa72e4-c1b6-4041-9f64-f926cc8e3401,5b0fa12a-3dd7-45bb-9766-cc326314d9f1,6.656467357999645,2.4323482226412435e-05,3.6541127475342953e-06,8.0,34.05493888214281,10.0,1.367663095333329e-05,6.296060592400014e-05,1.7090898833339454e-05,9.372813571067288e-05,Colombia,COL,valle del cauca department,,,Linux-6.11.0-17-generic-x86_64-with-glibc2.39,3.10.16,3.0.2,20,12th Gen Intel(R) Core(TM) i9-12900H,1.0,1 x NVIDIA GeForce RTX 3070 Laptop GPU,-76.523,3.4385,15.3067626953125,machine,N,1.0
2025-06-05T23:50:57,langgraph_pdf_chatbot,c0d7ecda-cab4-48bf-9508-06cda02a1374,5b0fa12a-3dd7-45bb-9766-cc326314d9f1,9.029764539998723,3.133370917883703e-05,3.470047202232082e-06,8.071111111111112,31.07708851227473,10.0,1.911772098591668e-05,7.79400623520006e-05,2.3683569355560192e-05,0.0001207413526934,Colombia,COL,valle del cauca department,,,Linux-6.11.0-17-generic-x86_64-with-glibc2.39,3.10.16,3.0.2,20,12th Gen Intel(R) Core(TM) i9-12900H,1.0,1 x NVIDIA GeForce RTX 3070 Laptop GPU,-76.523,3.4385,15.3067626953125,machine,N,1.0
2025-06-05T23:51:20,langgraph_pdf_chatbot,de55163a-add8-440f-b20a-a780a6348f6c,5b0fa12a-3dd7-45bb-9766-cc326314d9f1,3.857553562000248,1.3027969097097882e-05,3.377262010159237e-06,8.0,31.24300750478644,10.0,7.448169831113774e-06,3.344474897800081e-05,9.309073002785024e-06,5.0201991811899606e-05,Colombia,COL,valle del cauca department,,,Linux-6.11.0-17-generic-x86_64-with-glibc2.39,3.10.16,3.0.2,20,12th Gen Intel(R) Core(TM) i9-12900H,1.0,1 x NVIDIA GeForce RTX 3070 Laptop GPU,-76.523,3.4385,15.3067626953125,machine,N,1.0
2025-06-05T23:53:24,langgraph_pdf_chatbot,76c61073-9936-499c-bd08-7a8a3c848eb9,5b0fa12a-3dd7-45bb-9766-cc326314d9f1,6.93939185599811,2.5057007371639795e-05,3.610836207495849e-06,8.0,33.40741794831131,10.0,1.430152189777194e-05,6.437782928000058e-05,1.7875351211104217e-05,9.655470238887674e-05,Colombia,COL,valle del cauca department,,,Linux-6.11.0-17-generic-x86_64-with-glibc2.39,3.10.16,3.0.2,20,12th Gen Intel(R) Core(TM) i9-12900H,1.0,1 x NVIDIA GeForce RTX 3070 Laptop GPU,-76.523,3.4385,15.3067626953125,machine,N,1.0
2025-06-05T23:54:02,langgraph_pdf_chatbot,3dacc38b-263d-4799-ac58-2da5c9fe4ded,5b0fa12a-3dd7-45bb-9766-cc326314d9f1,6.236354630000278,2.272901884794784e-05,3.644600122419085e-06,8.0,34.01896413296071,10.0,1.273946395111529e-05,5.892115824799975e-05,1.592340640833451e-05,8.758402860744955e-05,Colombia,COL,valle del cauca department,,,Linux-6.11.0-17-generic-x86_64-with-glibc2.39,3.10.16,3.0.2,20,12th Gen Intel(R) Core(TM) i9-12900H,1.0,1 x NVIDIA GeForce RTX 3070 Laptop GPU,-76.523,3.4385,15.3067626953125,machine,N,1.0
2025-06-05T23:54:24,langgraph_pdf_chatbot,579ed745-ef91-47f7-9cc6-423775c3a5e9,5b0fa12a-3dd7-45bb-9766-cc326314d9f1,5.143194536998635,1.7837252306865486e-05,3.468127090770049e-06,8.0,31.87793880100654,10.0,1.0312393537775884e-05,4.553336975999904e-05,1.2888326227776917e-05,6.873408952555184e-05,Colombia,COL,valle del cauca department,,,Linux-6.11.0-17-generic-x86_64-with-glibc2.39,3.10.16,3.0.2,20,12th Gen Intel(R) Core(TM) i9-12900H,1.0,1 x NVIDIA GeForce RTX 3070 Laptop GPU,-76.523,3.4385,15.3067626953125,machine,N,1.0
2025-06-05T23:54:58,langgraph_pdf_chatbot,9e671b6b-56e3-4023-822d-5e6cfe24d239,5b0fa12a-3dd7-45bb-9766-cc326314d9f1,9.980617642999276,3.3213640194161655e-05,3.32781410752257e-06,8.0,29.07726356730757,10.0,2.10605588622194e-05,8.060173114800024e-05,2.632319112222427e-05,0.0001279854811324,Colombia,COL,valle del cauca department,,,Linux-6.11.0-17-generic-x86_64-with-glibc2.39,3.10.16,3.0.2,20,12th Gen Intel(R) Core(TM) i9-12900H,1.0,1 x NVIDIA GeForce RTX 3070 Laptop GPU,-76.523,3.4385,15.3067626953125,machine,N,1.0
2025-06-05T23:55:26,langgraph_pdf_chatbot,fc653dd6-5939-481f-94f3-1c0328fef8d7,5b0fa12a-3dd7-45bb-9766-cc326314d9f1,9.403023353999744,3.19548550680868e-05,3.3983596408376708e-06,8.0,30.111528063437788,10.0,1.977651683333129e-05,7.863922957799911e-05,2.47191305999978e-05,0.0001231348770113,Colombia,COL,valle del cauca department,,,Linux-6.11.0-17-generic-x86_64-with-glibc2.39,3.10.16,3.0.2,20,12th Gen Intel(R) Core(TM) i9-12900H,1.0,1 x NVIDIA GeForce RTX 3070 Laptop GPU,-76.523,3.4385,15.3067626953125,machine,N,1.0
2025-06-05T23:56:05,langgraph_pdf_chatbot,1bed11f9-8c58-4ad2-a4ae-34736f045629,5b0fa12a-3dd7-45bb-9766-cc326314d9f1,8.204859182998916,2.965102172040053e-05,3.613836759299865e-06,8.0,33.24333469761412,10.0,1.711475936222188e-05,7.57525606020007e-05,2.138996284999545e-05,0.0001142572828142,Colombia,COL,valle del cauca department,,,Linux-6.11.0-17-generic-x86_64-with-glibc2.39,3.10.16,3.0.2,20,12th Gen Intel(R) Core(TM) i9-12900H,1.0,1 x NVIDIA GeForce RTX 3070 Laptop GPU,-76.523,3.4385,15.3067626953125,machine,N,1.0
2025-06-05T23:57:10,langgraph_pdf_chatbot,d0909d67-1d4a-4a19-8375-1bfa3dc0b823,5b0fa12a-3dd7-45bb-9766-cc326314d9f1,12.041120165999018,3.733910188021034e-05,3.1009658042983594e-06,8.0,25.77355963781672,10.0,2.563969354444352e-05,8.61967356239994e-05,3.204611099444164e-05,0.0001438825401628,Colombia,COL,valle del cauca department,,,Linux-6.11.0-17-generic-x86_64-with-glibc2.39,3.10.16,3.0.2,20,12th Gen Intel(R) Core(TM) i9-12900H,1.0,1 x NVIDIA GeForce RTX 3070 Laptop GPU,-76.523,3.4385,15.3067626953125,machine,N,1.0
2025-06-05T23:58:02,langgraph_pdf_chatbot,abc586ba-20e3-4ce0-8cc0-014a4190e661,5b0fa12a-3dd7-45bb-9766-cc326314d9f1,8.69581937300245,3.0227723793099983e-05,3.476121397708276e-06,8.310000000000002,30.97620462057348,10.0,1.8911215753617187e-05,7.481255985000018e-05,2.2755771672220567e-05,0.0001164795472758,Colombia,COL,valle del cauca department,,,Linux-6.11.0-17-generic-x86_64-with-glibc2.39,3.10.16,3.0.2,20,12th Gen Intel(R) Core(TM) i9-12900H,1.0,1 x NVIDIA GeForce RTX 3070 Laptop GPU,-76.523,3.4385,15.3067626953125,machine,N,1.0
2025-06-05T23:58:26,langgraph_pdf_chatbot,20339939-1778-4bf4-8004-9f08bbb9afb2,5b0fa12a-3dd7-45bb-9766-cc326314d9f1,7.340956032003305,2.677636752992344e-05,3.6475313859925575e-06,8.0,33.83915579285492,10.0,1.5195270757782662e-05,6.899311075000102e-05,1.899170538611845e-05,0.0001031800868939,Colombia,COL,valle del cauca department,,,Linux-6.11.0-17-generic-x86_64-with-glibc2.39,3.10.16,3.0.2,20,12th Gen Intel(R) Core(TM) i9-12900H,1.0,1 x NVIDIA GeForce RTX 3070 Laptop GPU,-76.523,3.4385,15.3067626953125,machine,N,1.0
2025-06-05T23:58:53,langgraph_pdf_chatbot,10751ead-cd49-446d-ba98-489488a07a65,5b0fa12a-3dd7-45bb-9766-cc326314d9f1,6.396802751998621,2.298609046377741e-05,3.593371775703983e-06,8.0,33.269440475227945,10.0,1.309767243555042e-05,5.9106158395999184e-05,1.6370797849999183e-05,8.857462868154878e-05,Colombia,COL,valle del cauca department,,,Linux-6.11.0-17-generic-x86_64-with-glibc2.39,3.10.16,3.0.2,20,12th Gen Intel(R) Core(TM) i9-12900H,1.0,1 x NVIDIA GeForce RTX 3070 Laptop GPU,-76.523,3.4385,15.3067626953125,machine,N,1.0
2025-06-05T23:59:13,langgraph_pdf_chatbot,485637d3-cb93-470f-85cd-77075d658eeb,5b0fa12a-3dd7-45bb-9766-cc326314d9f1,4.730481038997823,1.6837203234118236e-05,3.559300438013231e-06,8.0,33.29866218277831,10.0,9.39458369555521e-06,4.374392388399942e-05,1.1741991644440633e-05,6.488049922399526e-05,Colombia,COL,valle del cauca department,,,Linux-6.11.0-17-generic-x86_64-with-glibc2.39,3.10.16,3.0.2,20,12th Gen Intel(R) Core(TM) i9-12900H,1.0,1 x NVIDIA GeForce RTX 3070 Laptop GPU,-76.523,3.4385,15.3067626953125,machine,N,1.0
2025-06-06T00:10:24,langgraph_pdf_chatbot,ff65d856-ef80-4217-8e34-8e019793299e,5b0fa12a-3dd7-45bb-9766-cc326314d9f1,7.239848845998495,2.6037999645216872e-05,3.5964838768157738e-06,8.0,33.14806415775245,10.0,1.49699708244427e-05,6.665394221200098e-05,1.8710946161111985e-05,0.0001003348591975,Colombia,COL,valle del cauca department,,,Linux-6.11.0-17-generic-x86_64-with-glibc2.39,3.10.16,3.0.2,20,12th Gen Intel(R) Core(TM) i9-12900H,1.0,1 x NVIDIA GeForce RTX 3070 Laptop GPU,-76.523,3.4385,15.3067626953125,machine,N,1.0
2025-06-06T00:12:11,langgraph_pdf_chatbot,0867d6f3-e7c8-4d9f-bbb1-b80ce4b7f552,5b0fa12a-3dd7-45bb-9766-cc326314d9f1,7.737714293998579,1.5953884438428512e-05,2.061834261676274e-06,8.0,11.773047092974886,10.0,1.6079495311108378e-05,2.530057579599836e-05,2.009664640555558e-05,6.147671751266231e-05,Colombia,COL,valle del cauca department,,,Linux-6.11.0-17-generic-x86_64-with-glibc2.39,3.10.16,3.0.2,20,12th Gen Intel(R) Core(TM) i9-12900H,1.0,1 x NVIDIA GeForce RTX 3070 Laptop GPU,-76.523,3.4385,15.3067626953125,machine,N,1.0
2025-06-06T00:13:20,langgraph_pdf_chatbot,2a204aaf-656b-4a12-94c1-a3d9a55aaa29,5b0fa12a-3dd7-45bb-9766-cc326314d9f1,7.115327997002169,1.55065439244455e-05,2.179315406257972e-06,8.0,13.506890161931912,10.0,1.4695656875555867e-05,2.669168802000091e-05,1.8365590141669e-05,5.975293503722577e-05,Colombia,COL,valle del cauca department,,,Linux-6.11.0-17-generic-x86_64-with-glibc2.39,3.10.16,3.0.2,20,12th Gen Intel(R) Core(TM) i9-12900H,1.0,1 x NVIDIA GeForce RTX 3070 Laptop GPU,-76.523,3.4385,15.3067626953125,machine,N,1.0
2025-06-06T00:14:49,langgraph_pdf_chatbot,39a2f8e8-d413-48dd-be07-c201c33e153e,5b0fa12a-3dd7-45bb-9766-cc326314d9f1,5.588641438000195,1.5137075637316344e-05,2.708542998373662e-06,8.0,21.203094805844152,10.0,1.1300798388886809e-05,3.2906415213997814e-05,1.412201189166606e-05,5.832922549455068e-05,Colombia,COL,valle del cauca department,,,Linux-6.11.0-17-generic-x86_64-with-glibc2.39,3.10.16,3.0.2,20,12th Gen Intel(R) Core(TM) i9-12900H,1.0,1 x NVIDIA GeForce RTX 3070 Laptop GPU,-76.523,3.4385,15.3067626953125,machine,N,1.0
2025-06-06T00:15:50,langgraph_pdf_chatbot,067398e1-ee8f-430c-898b-c0f2f12ea5c4,5b0fa12a-3dd7-45bb-9766-cc326314d9f1,10.506583001999388,3.4260411991068425e-05,3.26085198056768e-06,8.0,28.101219096051125,10.0,2.223026088889229e-05,8.200284337999894e-05,2.7786008566666475e-05,0.0001320191128355,Colombia,COL,valle del cauca department,,,Linux-6.11.0-17-generic-x86_64-with-glibc2.39,3.10.16,3.0.2,20,12th Gen Intel(R) Core(TM) i9-12900H,1.0,1 x NVIDIA GeForce RTX 3070 Laptop GPU,-76.523,3.4385,15.3067626953125,machine,N,1.0
2025-06-06T00:31:47,langgraph_pdf_chatbot,2f1e65a4-212c-477e-8c81-3dfc02e5add9,5b0fa12a-3dd7-45bb-9766-cc326314d9f1,8.747855825000443,2.923414946984525e-05,3.341864572835912e-06,8.0,29.400915793789395,10.0,1.8321352453333225e-05,7.143144603400167e-05,2.289810829444024e-05,0.0001126509067817,Colombia,COL,valle del cauca department,,,Linux-6.11.0-17-generic-x86_64-with-glibc2.39,3.10.16,3.0.2,20,12th Gen Intel(R) Core(TM) i9-12900H,1.0,1 x NVIDIA GeForce RTX 3070 Laptop GPU,-76.523,3.4385,15.3067626953125,machine,N,1.0
2025-06-06T00:32:16,langgraph_pdf_chatbot,918671f6-1830-42a4-89a6-4bc440cee09a,5b0fa12a-3dd7-45bb-9766-cc326314d9f1,9.00727124200057,3.019387483186353e-05,3.3521667129408315e-06,8.030000000000001,29.484991057070523,10.0,1.8968401833612624e-05,7.376089234200148e-05,2.361981947222173e-05,0.0001163491136478,Colombia,COL,valle del cauca department,,,Linux-6.11.0-17-generic-x86_64-with-glibc2.39,3.10.16,3.0.2,20,12th Gen Intel(R) Core(TM) i9-12900H,1.0,1 x NVIDIA GeForce RTX 3070 Laptop GPU,-76.523,3.4385,15.3067626953125,machine,N,1.0
2025-06-06T00:32:39,langgraph_pdf_chatbot,a3b0156b-49e2-4733-b8c1-5c059eb8ae8d,5b0fa12a-3dd7-45bb-9766-cc326314d9f1,5.712298622998787,2.078201815233228e-05,3.638118299463541e-06,8.0,34.06361346982907,10.0,1.1576407004443656e-05,5.403754322999901e-05,1.4467503547216943e-05,8.008145378165962e-05,Colombia,COL,valle del cauca department,,,Linux-6.11.0-17-generic-x86_64-with-glibc2.39,3.10.16,3.0.2,20,12th Gen Intel(R) Core(TM) i9-12900H,1.0,1 x NVIDIA GeForce RTX 3070 Laptop GPU,-76.523,3.4385,15.3067626953125,machine,N,1.0
2025-06-06T00:33:35,langgraph_pdf_chatbot,a24f70ef-2e88-49d1-957f-34d3a2458ed6,5b0fa12a-3dd7-45bb-9766-cc326314d9f1,8.712064236002334,2.9769599995936028e-05,3.4170546944447546e-06,8.0,30.450937705734702,10.0,1.824047303555644e-05,7.367867005399903e-05,2.279506939444723e-05,0.000114714212484,Colombia,COL,valle del cauca department,,,Linux-6.11.0-17-generic-x86_64-with-glibc2.39,3.10.16,3.0.2,20,12th Gen Intel(R) Core(TM) i9-12900H,1.0,1 x NVIDIA GeForce RTX 3070 Laptop GPU,-76.523,3.4385,15.3067626953125,machine,N,1.0
2025-06-06T00:33:56,langgraph_pdf_chatbot,02f6438e-cc60-4c9c-816b-c41b89e45832,5b0fa12a-3dd7-45bb-9766-cc326314d9f1,6.747686795999471,2.412250521470452e-05,3.5749295935024912e-06,8.0,32.94283523640117,10.0,1.387452864222319e-05,6.173754938999798e-05,1.7341612619444884e-05,9.295369065166606e-05,Colombia,COL,valle del cauca department,,,Linux-6.11.0-17-generic-x86_64-with-glibc2.39,3.10.16,3.0.2,20,12th Gen Intel(R) Core(TM) i9-12900H,1.0,1 x NVIDIA GeForce RTX 3070 Laptop GPU,-76.523,3.4385,15.3067626953125,machine,N,1.0
2025-06-06T00:36:41,langgraph_pdf_chatbot,735e83df-b0d8-498b-a781-14956bb85758,5b0fa12a-3dd7-45bb-9766-cc326314d9f1,5.99324198600516,2.064484019653588e-05,3.44468657276708e-06,8.0,31.314007468833527,10.0,1.2198309062223416e-05,5.210754168600076e-05,1.5247001333328726e-05,7.95528520815529e-05,Colombia,COL,valle del cauca department,,,Linux-6.11.0-17-generic-x86_64-with-glibc2.39,3.10.16,3.0.2,20,12th Gen Intel(R) Core(TM) i9-12900H,1.0,1 x NVIDIA GeForce RTX 3070 Laptop GPU,-76.523,3.4385,15.3067626953125,machine,N,1.0
2025-06-06T00:38:08,langgraph_pdf_chatbot,6c6efe19-6972-412d-ac5c-b40c76d76884,5b0fa12a-3dd7-45bb-9766-cc326314d9f1,6.463657154003158,2.351778110771212e-05,3.6384635736978665e-06,8.0,33.895074017752755,10.0,1.3242546851122624e-05,6.083115977599876e-05,1.6549739422225685e-05,9.062344604934708e-05,Colombia,COL,valle del cauca department,,,Linux-6.11.0-17-generic-x86_64-with-glibc2.39,3.10.16,3.0.2,20,12th Gen Intel(R) Core(TM) i9-12900H,1.0,1 x NVIDIA GeForce RTX 3070 Laptop GPU,-76.523,3.4385,15.3067626953125,machine,N,1.0
2025-06-06T00:38:53,langgraph_pdf_chatbot,0aba7b30-294e-4e16-97d1-ccb81e1c18ed,5b0fa12a-3dd7-45bb-9766-cc326314d9f1,11.30500327199843,3.605232899799402e-05,3.189059581016902e-06,8.0,27.0444772071794,10.0,2.400475625110428e-05,8.491840126799953e-05,3.000093046943625e-05,0.0001389240879885,Colombia,COL,valle del cauca department,,,Linux-6.11.0-17-generic-x86_64-with-glibc2.39,3.10.16,3.0.2,20,12th Gen Intel(R) Core(TM) i9-12900H,1.0,1 x NVIDIA GeForce RTX 3070 Laptop GPU,-76.523,3.4385,15.3067626953125,machine,N,1.0
2025-06-06T00:39:21,langgraph_pdf_chatbot,87d3d7ae-0882-4769-be8b-1e79a5c0568f,5b0fa12a-3dd7-45bb-9766-cc326314d9f1,8.6783632939987,3.064020493949742e-05,3.530643267802106e-06,8.0,32.02271586561691,10.0,1.816997645555401e-05,7.718756175000008e-05,2.271146441667548e-05,0.0001180690026222,Colombia,COL,valle del cauca department,,,Linux-6.11.0-17-generic-x86_64-with-glibc2.39,3.10.16,3.0.2,20,12th Gen Intel(R) Core(TM) i9-12900H,1.0,1 x NVIDIA GeForce RTX 3070 Laptop GPU,-76.523,3.4385,15.3067626953125,machine,N,1.0
2025-06-06T00:43:13,langgraph_pdf_chatbot,44609e39-b81a-4507-9e76-c83db80dc358,5b0fa12a-3dd7-45bb-9766-cc326314d9f1,6.523422210004355,2.352401153779237e-05,3.6060844723059344e-06,8.0,33.41891353790549,10.0,1.3379242417787382e-05,6.0545881769997686e-05,1.672233020833826e-05,9.064745439612334e-05,Colombia,COL,valle del cauca department,,,Linux-6.11.0-17-generic-x86_64-with-glibc2.39,3.10.16,3.0.2,20,12th Gen Intel(R) Core(TM) i9-12900H,1.0,1 x NVIDIA GeForce RTX 3070 Laptop GPU,-76.523,3.4385,15.3067626953125,machine,N,1.0
2025-06-06T00:43:38,langgraph_pdf_chatbot,b57f8f44-ad72-4328-ab93-8733e63f7178,5b0fa12a-3dd7-45bb-9766-cc326314d9f1,4.450285285005521,1.586693866853898e-05,3.5653756225471507e-06,8.0,33.536942618175345,10.0,8.766014235556617e-06,4.142142202600077e-05,1.095424431668006e-05,6.114168057823745e-05,Colombia,COL,valle del cauca department,,,Linux-6.11.0-17-generic-x86_64-with-glibc2.39,3.10.16,3.0.2,20,12th Gen Intel(R) Core(TM) i9-12900H,1.0,1 x NVIDIA GeForce RTX 3070 Laptop GPU,-76.523,3.4385,15.3067626953125,machine,N,1.0
2025-06-06T00:45:49,langgraph_pdf_chatbot,c53f4277-4441-4495-9689-859c1085ae80,5b0fa12a-3dd7-45bb-9766-cc326314d9f1,12.635673529002815,3.801806699694077e-05,3.0087883253454944e-06,8.0,24.458068340519592,10.0,2.696239400889479e-05,8.583673533599928e-05,3.3699735816662724e-05,0.0001464988651615,Colombia,COL,valle del cauca department,,,Linux-6.11.0-17-generic-x86_64-with-glibc2.39,3.10.16,3.0.2,20,12th Gen Intel(R) Core(TM) i9-12900H,1.0,1 x NVIDIA GeForce RTX 3070 Laptop GPU,-76.523,3.4385,15.3067626953125,machine,N,1.0
2025-06-06T00:47:54,langgraph_pdf_chatbot,a80ce5f0-b546-486c-a883-fa25641980e8,5b0fa12a-3dd7-45bb-9766-cc326314d9f1,7.732120148997637,1.553976276722944e-07,2.0097673688172e-08,8.0,13.610024431512675,10.0,1.606423142665234e-05,2.9226134491999387e-05,2.007914817776408e-05,6.53695140964158e-05,Canada,CAN,quebec,,,Linux-6.11.0-17-generic-x86_64-with-glibc2.39,3.10.16,3.0.2,20,12th Gen Intel(R) Core(TM) i9-12900H,1.0,1 x NVIDIA GeForce RTX 3070 Laptop GPU,-71.2,46.8,15.3067626953125,machine,N,1.0
2025-06-06T00:54:23,langgraph_pdf_chatbot,e259102e-3ef9-4c35-9617-38973c42d1af,5b0fa12a-3dd7-45bb-9766-cc326314d9f1,8.99188525500358,1.540656869229537e-05,1.7133858201451478e-06,8.0,10.547600711470627,10.0,1.6225485497788112e-05,2.286251828999969e-05,2.0279686569443178e-05,5.936769035723098e-05,Colombia,COL,valle del cauca department,,,Linux-6.11.0-17-generic-x86_64-with-glibc2.39,3.10.16,3.0.2,20,12th Gen Intel(R) Core(TM) i9-12900H,1.0,1 x NVIDIA GeForce RTX 3070 Laptop GPU,-76.523,3.4385,15.3067626953125,machine,N,1.0
2025-06-06T00:55:09,langgraph_pdf_chatbot,37f7f433-98de-4242-89ea-ef27ac3de703,5b0fa12a-3dd7-45bb-9766-cc326314d9f1,11.244516190003196,3.561678313257462e-05,3.167480266001956e-06,8.043636363636365,26.70848068400016,10.0,2.4000467296740525e-05,8.341173339600043e-05,2.983355433334509e-05,0.000137245755026,Colombia,COL,valle del cauca department,,,Linux-6.11.0-17-generic-x86_64-with-glibc2.39,3.10.16,3.0.2,20,12th Gen Intel(R) Core(TM) i9-12900H,1.0,1 x NVIDIA GeForce RTX 3070 Laptop GPU,-76.523,3.4385,15.3067626953125,machine,N,1.0
2025-06-06T00:55:33,langgraph_pdf_chatbot,b8ddc021-7f57-44c3-b62f-27842fbf1788,5b0fa12a-3dd7-45bb-9766-cc326314d9f1,6.001588439998159,2.168399951249945e-05,3.613043401640867e-06,8.0,33.63661315719267,10.0,1.221973663554915e-05,5.606643374199936e-05,1.527097946388191e-05,8.355714984143041e-05,Colombia,COL,valle del cauca department,,,Linux-6.11.0-17-generic-x86_64-with-glibc2.39,3.10.16,3.0.2,20,12th Gen Intel(R) Core(TM) i9-12900H,1.0,1 x NVIDIA GeForce RTX 3070 Laptop GPU,-76.523,3.4385,15.3067626953125,machine,N,1.0
2025-06-06T00:56:41,langgraph_pdf_chatbot,4c415540-f592-4055-a533-6e56e7093446,5b0fa12a-3dd7-45bb-9766-cc326314d9f1,7.730021684001258,2.8204489686613903e-05,3.648694769509952e-06,8.0,33.797178658881506,10.0,1.605934031999722e-05,7.255422470999959e-05,2.006964950277405e-05,0.0001086832145327,Colombia,COL,valle del cauca department,,,Linux-6.11.0-17-generic-x86_64-with-glibc2.39,3.10.16,3.0.2,20,12th Gen Intel(R) Core(TM) i9-12900H,1.0,1 x NVIDIA GeForce RTX 3070 Laptop GPU,-76.523,3.4385,15.3067626953125,machine,N,1.0
2025-06-06T01:13:43,langgraph_pdf_chatbot,08fc0d7d-caa8-416b-94e3-10c7c0a4e09c,5b0fa12a-3dd7-45bb-9766-cc326314d9f1,7.312498532999598,2.6385457576396223e-05,3.608268426629396e-06,8.0,33.29617848094862,10.0,1.513431476666786e-05,6.762477632200198e-05,1.8914662919430866e-05,0.0001016737540081,Colombia,COL,valle del cauca department,,,Linux-6.11.0-17-generic-x86_64-with-glibc2.39,3.10.16,3.0.2,20,12th Gen Intel(R) Core(TM) i9-12900H,1.0,1 x NVIDIA GeForce RTX 3070 Laptop GPU,-76.523,3.4385,15.3067626953125,machine,N,1.0
2025-06-06T01:14:13,langgraph_pdf_chatbot,068a5e44-a151-4bf5-8def-d19808985bec,5b0fa12a-3dd7-45bb-9766-cc326314d9f1,7.629825585005165,2.8379991038827595e-05,3.719612030791708e-06,8.0,34.7967971283325,10.0,1.5834525997779568e-05,7.373450343199986e-05,1.9790462225015897e-05,0.0001093594916547,Colombia,COL,valle del cauca department,,,Linux-6.11.0-17-generic-x86_64-with-glibc2.39,3.10.16,3.0.2,20,12th Gen Intel(R) Core(TM) i9-12900H,1.0,1 x NVIDIA GeForce RTX 3070 Laptop GPU,-76.523,3.4385,15.3067626953125,machine,N,1.0
2025-06-06T01:14:43,langgraph_pdf_chatbot,a0cd0aec-28d7-4ec7-b273-07ebf19a7773,5b0fa12a-3dd7-45bb-9766-cc326314d9f1,15.231066041000304,4.5006311941447e-05,2.9549022911656418e-06,8.0,23.58826838484213,10.0,3.2728386953337274e-05,9.978924649799852e-05,4.0909743197234e-05,0.0001734273766485,Colombia,COL,valle del cauca department,,,Linux-6.11.0-17-generic-x86_64-with-glibc2.39,3.10.16,3.0.2,20,12th Gen Intel(R) Core(TM) i9-12900H,1.0,1 x NVIDIA GeForce RTX 3070 Laptop GPU,-76.523,3.4385,15.3067626953125,machine,N,1.0
2025-06-06T01:15:09,langgraph_pdf_chatbot,148ce4ab-7e06-44b4-bae9-dc75bc46e152,5b0fa12a-3dd7-45bb-9766-cc326314d9f1,9.40145818200108,3.1684749806970416e-05,3.370195260521425e-06,8.0,29.72026290944448,10.0,1.97740563977762e-05,7.760422875000006e-05,2.4715767925004503e-05,0.0001220940530727,Colombia,COL,valle del cauca department,,,Linux-6.11.0-17-generic-x86_64-with-glibc2.39,3.10.16,3.0.2,20,12th Gen Intel(R) Core(TM) i9-12900H,1.0,1 x NVIDIA GeForce RTX 3070 Laptop GPU,-76.523,3.4385,15.3067626953125,machine,N,1.0
2025-06-06T01:15:37,langgraph_pdf_chatbot,fdf9b4e1-28df-49c1-a5cf-d65900de514d,5b0fa12a-3dd7-45bb-9766-cc326314d9f1,8.06597545799741,2.966635271691852e-05,3.677962184661044e-06,8.0,34.148273870673904,10.0,1.6807501800002582e-05,7.650033897799863e-05,2.1008518516666503e-05,0.0001143163592946,Colombia,COL,valle del cauca department,,,Linux-6.11.0-17-generic-x86_64-with-glibc2.39,3.10.16,3.0.2,20,12th Gen Intel(R) Core(TM) i9-12900H,1.0,1 x NVIDIA GeForce RTX 3070 Laptop GPU,-76.523,3.4385,15.3067626953125,machine,N,1.0
2025-06-06T01:16:12,langgraph_pdf_chatbot,6068f2c7-7ae1-4faa-9dd1-9b86dd8ac8a9,5b0fa12a-3dd7-45bb-9766-cc326314d9f1,7.979241355998965,2.8162041407521857e-05,3.529413405492369e-06,8.0,32.10212980773796,10.0,1.6614279799994416e-05,7.114200135799678e-05,2.076336312499431e-05,0.0001085196442829,Colombia,COL,valle del cauca department,,,Linux-6.11.0-17-generic-x86_64-with-glibc2.39,3.10.16,3.0.2,20,12th Gen Intel(R) Core(TM) i9-12900H,1.0,1 x NVIDIA GeForce RTX 3070 Laptop GPU,-76.523,3.4385,15.3067626953125,machine,N,1.0
2025-06-06T01:17:16,langgraph_pdf_chatbot,ce11847d-d511-4a5d-b5e5-1d49a4fb9171,5b0fa12a-3dd7-45bb-9766-cc326314d9f1,7.539430570999684,2.7483811218511115e-05,3.645343101139125e-06,8.0,33.77746636155271,10.0,1.5636549197774406e-05,7.072866769400332e-05,1.954093436389586e-05,0.0001059061512556,Colombia,COL,valle del cauca department,,,Linux-6.11.0-17-generic-x86_64-with-glibc2.39,3.10.16,3.0.2,20,12th Gen Intel(R) Core(TM) i9-12900H,1.0,1 x NVIDIA GeForce RTX 3070 Laptop GPU,-76.523,3.4385,15.3067626953125,machine,N,1.0
2025-06-06T01:17:47,langgraph_pdf_chatbot,f3514661-d214-45a6-9186-d0d46c4c1c32,5b0fa12a-3dd7-45bb-9766-cc326314d9f1,5.919182876998093,2.1374361592102715e-05,3.611032474628104e-06,8.4,33.265469584023286,10.0,1.2637401100335411e-05,5.468421041399801e-05,1.504237919165866e-05,8.236399070599208e-05,Colombia,COL,valle del cauca department,,,Linux-6.11.0-17-generic-x86_64-with-glibc2.39,3.10.16,3.0.2,20,12th Gen Intel(R) Core(TM) i9-12900H,1.0,1 x NVIDIA GeForce RTX 3070 Laptop GPU,-76.523,3.4385,15.3067626953125,machine,N,1.0
2025-06-06T01:24:58,langgraph_pdf_chatbot,44ed5b86-15dc-4e11-9ddd-1f4463038ba2,5b0fa12a-3dd7-45bb-9766-cc326314d9f1,8.8949840100031,1.871066324811945e-05,2.10350723813307e-06,8.4,16.549198043569103,10.0,1.6776565817672236e-05,3.5354750505998955e-05,1.996837597499608e-05,7.209969229866727e-05,Colombia,COL,valle del cauca department,,,Linux-6.11.0-17-generic-x86_64-with-glibc2.39,3.10.16,3.0.2,20,12th Gen Intel(R) Core(TM) i9-12900H,1.0,1 x NVIDIA GeForce RTX 3070 Laptop GPU,-76.523,3.4385,15.3067626953125,machine,N,1.0
2025-06-06T01:26:59,langgraph_pdf_chatbot,8dd89091-c1d1-426c-bb45-b9fee01c42d4,5b0fa12a-3dd7-45bb-9766-cc326314d9f1,7.432082450999587,1.7268243391936398e-05,2.3234730650241755e-06,8.0,15.455009481607757,10.0,1.5396517022228283e-05,3.190085885399971e-05,1.9244094011123204e-05,6.65414698873512e-05,Colombia,COL,valle del cauca department,,,Linux-6.11.0-17-generic-x86_64-with-glibc2.39,3.10.16,3.0.2,20,12th Gen Intel(R) Core(TM) i9-12900H,1.0,1 x NVIDIA GeForce RTX 3070 Laptop GPU,-76.523,3.4385,15.3067626953125,machine,N,1.0
2025-06-06T01:28:27,langgraph_pdf_chatbot,1f6e2f8d-3356-4c15-bb3f-178eeb7aac9c,5b0fa12a-3dd7-45bb-9766-cc326314d9f1,8.925648309996177,2.188280980169836e-05,2.4516773506738947e-06,8.0,17.02840417790088,10.0,1.871696492443637e-05,4.22117004360012e-05,2.339458028887344e-05,8.4323245649311e-05,Colombia,COL,valle del cauca department,,,Linux-6.11.0-17-generic-x86_64-with-glibc2.39,3.10.16,3.0.2,20,12th Gen Intel(R) Core(TM) i9-12900H,1.0,1 x NVIDIA GeForce RTX 3070 Laptop GPU,-76.523,3.4385,15.3067626953125,machine,N,1.0
2025-06-06T01:32:25,langgraph_pdf_chatbot,40aff755-f5a2-4727-bfd5-932f4307f55d,5b0fa12a-3dd7-45bb-9766-cc326314d9f1,9.838702363005725,2.1179547622193843e-05,2.1526769324611924e-06,8.0,17.033622015703575,10.0,1.809319233778903e-05,4.0904477168000886e-05,2.261562481388764e-05,8.161329431967755e-05,Colombia,COL,valle del cauca department,,,Linux-6.11.0-17-generic-x86_64-with-glibc2.39,3.10.16,3.0.2,20,12th Gen Intel(R) Core(TM) i9-12900H,1.0,1 x NVIDIA GeForce RTX 3070 Laptop GPU,-76.523,3.4385,15.3067626953125,machine,N,1.0
2025-06-06T01:37:22,langgraph_pdf_chatbot,f27babeb-816b-4582-a32f-53244ead91db,5b0fa12a-3dd7-45bb-9766-cc326314d9f1,8.152176185001736,2.822062705463401e-05,3.4617292872734945e-06,8.0,31.13950634844824,10.0,1.6997322213347715e-05,7.050422306999898e-05,2.124385300279149e-05,0.0001087453982861,Colombia,COL,valle del cauca department,,,Linux-6.11.0-17-generic-x86_64-with-glibc2.39,3.10.16,3.0.2,20,12th Gen Intel(R) Core(TM) i9-12900H,1.0,1 x NVIDIA GeForce RTX 3070 Laptop GPU,-76.523,3.4385,15.3067626953125,machine,N,1.0
2025-06-06T01:38:02,langgraph_pdf_chatbot,e9f79622-cda5-4c14-b5e9-a96ac60b1046,5b0fa12a-3dd7-45bb-9766-cc326314d9f1,5.051664486003574,1.051863697691994e-05,2.082212111683875e-06,8.0,12.684922370354004,10.0,1.0105744288885034e-05,1.779529201400426e-05,1.2631492094442363e-05,4.053252839733166e-05,Colombia,COL,valle del cauca department,,,Linux-6.11.0-17-generic-x86_64-with-glibc2.39,3.10.16,3.0.2,20,12th Gen Intel(R) Core(TM) i9-12900H,1.0,1 x NVIDIA GeForce RTX 3070 Laptop GPU,-76.523,3.4385,15.3067626953125,machine,N,1.0
2025-06-06T01:41:24,langgraph_pdf_chatbot,b06b70b7-56d9-4b2c-b560-2a98bad32f06,5b0fa12a-3dd7-45bb-9766-cc326314d9f1,14.323808909000944,2.345835567118476e-05,1.6377177202108404e-06,8.061538461538461,7.438435139303286,10.0,2.8250160842764907e-05,2.71036327939983e-05,3.504066236388705e-05,9.039445600065026e-05,Colombia,COL,valle del cauca department,,,Linux-6.11.0-17-generic-x86_64-with-glibc2.39,3.10.16,3.0.2,20,12th Gen Intel(R) Core(TM) i9-12900H,1.0,1 x NVIDIA GeForce RTX 3070 Laptop GPU,-76.523,3.4385,15.3067626953125,machine,N,1.0
2025-06-06T01:44:01,langgraph_pdf_chatbot,87af9b5a-36c8-4095-a909-54fd06649232,5b0fa12a-3dd7-45bb-9766-cc326314d9f1,8.453207025006122,1.7354426418865455e-05,2.052999100522193e-06,8.0,11.554693860989047,10.0,1.7666930971123898e-05,2.712696614599885e-05,2.2079670550010632e-05,6.687356766713339e-05,Colombia,COL,valle del cauca department,,,Linux-6.11.0-17-generic-x86_64-with-glibc2.39,3.10.16,3.0.2,20,12th Gen Intel(R) Core(TM) i9-12900H,1.0,1 x NVIDIA GeForce RTX 3070 Laptop GPU,-76.523,3.4385,15.3067626953125,machine,N,1.0
2025-06-06T01:46:08,langgraph_pdf_chatbot,00c08e4b-c10c-423c-a085-26a683103e20,5b0fa12a-3dd7-45bb-9766-cc326314d9f1,10.065501760000188,2.1544174423168565e-05,2.140397462229261e-06,8.0,16.76600341838015,10.0,1.8566199071113565e-05,4.1246421886003554e-05,2.32057267166561e-05,8.301834767377322e-05,Colombia,COL,valle del cauca department,,,Linux-6.11.0-17-generic-x86_64-with-glibc2.39,3.10.16,3.0.2,20,12th Gen Intel(R) Core(TM) i9-12900H,1.0,1 x NVIDIA GeForce RTX 3070 Laptop GPU,-76.523,3.4385,15.3067626953125,machine,N,1.0
2025-06-06T01:53:00,langgraph_pdf_chatbot,e58ed75d-d4bf-417f-b71b-ade2777c054c,5b0fa12a-3dd7-45bb-9766-cc326314d9f1,5.134389357001055,1.790283223515862e-05,3.486847410733861e-06,8.0,32.13871532288961,10.0,1.0293323160003638e-05,4.582809221800183e-05,1.286537992222697e-05,6.898679530023243e-05,Colombia,COL,valle del cauca department,,,Linux-6.11.0-17-generic-x86_64-with-glibc2.39,3.10.16,3.0.2,20,12th Gen Intel(R) Core(TM) i9-12900H,1.0,1 x NVIDIA GeForce RTX 3070 Laptop GPU,-76.523,3.4385,15.3067626953125,machine,N,1.0
2025-06-06T01:54:45,langgraph_pdf_chatbot,59bed7f5-c6c8-4913-a78b-5faf76fb3607,5b0fa12a-3dd7-45bb-9766-cc326314d9f1,9.237224410993804,3.208251462815857e-05,3.473176919895456e-06,8.0,31.16824295574577,10.0,1.940735654666141e-05,7.996256397000204e-05,2.42568799972206e-05,0.0001236268005138,Colombia,COL,valle del cauca department,,,Linux-6.11.0-17-generic-x86_64-with-glibc2.39,3.10.16,3.0.2,20,12th Gen Intel(R) Core(TM) i9-12900H,1.0,1 x NVIDIA GeForce RTX 3070 Laptop GPU,-76.523,3.4385,15.3067626953125,machine,N,1.0
2025-06-06T01:56:20,langgraph_pdf_chatbot,34567c44-5149-491c-adb0-2daa49a521a2,5b0fa12a-3dd7-45bb-9766-cc326314d9f1,7.254542977003439,1.7475599792193903e-05,2.40891808727176e-06,8.0,16.67188162052771,10.0,1.5002651271109548e-05,3.358947131599718e-05,1.8748374702772707e-05,6.734049728987943e-05,Colombia,COL,valle del cauca department,,,Linux-6.11.0-17-generic-x86_64-with-glibc2.39,3.10.16,3.0.2,20,12th Gen Intel(R) Core(TM) i9-12900H,1.0,1 x NVIDIA GeForce RTX 3070 Laptop GPU,-76.523,3.4385,15.3067626953125,machine,N,1.0
2025-06-06T01:56:44,langgraph_pdf_chatbot,cfac3d07-1d39-4bcc-b842-c5160ffd8fc7,5b0fa12a-3dd7-45bb-9766-cc326314d9f1,9.90695059599966,1.945413492101247e-05,1.963685468348644e-06,8.0,14.030010965111654,10.0,1.823572078000224e-05,3.393780492799703e-05,2.2791061230560043e-05,7.496458693855931e-05,Colombia,COL,valle del cauca department,,,Linux-6.11.0-17-generic-x86_64-with-glibc2.39,3.10.16,3.0.2,20,12th Gen Intel(R) Core(TM) i9-12900H,1.0,1 x NVIDIA GeForce RTX 3070 Laptop GPU,-76.523,3.4385,15.3067626953125,machine,N,1.0
2025-06-06T02:00:43,langgraph_pdf_chatbot,16afccd0-4d80-4fd9-9aad-91ce9945f46d,5b0fa12a-3dd7-45bb-9766-cc326314d9f1,15.74908571299602,2.696905444170728e-05,1.712420322879609e-06,8.0,8.334861777861176,10.0,3.121658691998972e-05,3.368641583800097e-05,3.901958411388478e-05,0.0001039225868718,Colombia,COL,valle del cauca department,,,Linux-6.11.0-17-generic-x86_64-with-glibc2.39,3.10.16,3.0.2,20,12th Gen Intel(R) Core(TM) i9-12900H,1.0,1 x NVIDIA GeForce RTX 3070 Laptop GPU,-76.523,3.4385,15.3067626953125,machine,N,1.0
2025-06-06T02:01:27,langgraph_pdf_chatbot,9d083d44-8da5-4381-8486-f10f73c02705,5b0fa12a-3dd7-45bb-9766-cc326314d9f1,16.643297000999155,4.692409339436318e-05,2.819398908253945e-06,8.0,24.39650862737641,10.0,3.474867406666616e-05,0.0001026367487759,4.3431935166679776e-05,0.0001808173580093,Colombia,COL,valle del cauca department,,,Linux-6.11.0-17-generic-x86_64-with-glibc2.39,3.10.16,3.0.2,20,12th Gen Intel(R) Core(TM) i9-12900H,1.0,1 x NVIDIA GeForce RTX 3070 Laptop GPU,-76.523,3.4385,15.3067626953125,machine,N,1.0
2025-06-06T02:02:03,langgraph_pdf_chatbot,f65553a1-935e-4ac6-84a8-71062c35e08c,5b0fa12a-3dd7-45bb-9766-cc326314d9f1,4.625235516999965,1.6617930824045074e-05,3.592883165185035e-06,8.0,33.8083079399317,10.0,9.16088422000434e-06,4.3425590295999295e-05,1.1449080138886024e-05,6.403555465488966e-05,Colombia,COL,valle del cauca department,,,Linux-6.11.0-17-generic-x86_64-with-glibc2.39,3.10.16,3.0.2,20,12th Gen Intel(R) Core(TM) i9-12900H,1.0,1 x NVIDIA GeForce RTX 3070 Laptop GPU,-76.523,3.4385,15.3067626953125,machine,N,1.0
2025-06-06T10:19:01,langgraph_pdf_chatbot,4beb19bb-64d5-4b01-9cdf-5944c64f3bda,5b0fa12a-3dd7-45bb-9766-cc326314d9f1,8.494626876999973,1.0370774784137954e-05,1.220862897723952e-06,8.0,0.0,10.0,1.776280645111102e-05,0.0,2.2199949594443705e-05,3.996275604555472e-05,Colombia,COL,valle del cauca department,,,Linux-6.11.0-17-generic-x86_64-with-glibc2.39,3.10.16,3.0.2,20,12th Gen Intel(R) Core(TM) i9-12900H,,,-76.523,3.4385,15.306755065917969,machine,N,1.0
2025-06-06T10:19:34,langgraph_pdf_chatbot,dbbedba9-f879-46d3-9933-ab4e4b8d33be,5b0fa12a-3dd7-45bb-9766-cc326314d9f1,17.700618402000146,2.1664160993189044e-05,1.223921136605093e-06,8.0,0.0,10.0,3.710431379777826e-05,0.0,4.637639026944448e-05,8.348070406722274e-05,Colombia,COL,valle del cauca department,,,Linux-6.11.0-17-generic-x86_64-with-glibc2.39,3.10.16,3.0.2,20,12th Gen Intel(R) Core(TM) i9-12900H,,,-76.523,3.4385,15.306755065917969,machine,N,1.0
2025-06-06T10:20:11,langgraph_pdf_chatbot,a4ef1d59-d63f-4dc7-a566-19ed872ac270,5b0fa12a-3dd7-45bb-9766-cc326314d9f1,16.961398102000203,2.070478088185277e-05,1.220700130811217e-06,8.0,0.0,10.0,3.5461603693333426e-05,0.0,4.432222389722256e-05,7.978382759055597e-05,Colombia,COL,valle del cauca department,,,Linux-6.11.0-17-generic-x86_64-with-glibc2.39,3.10.16,3.0.2,20,12th Gen Intel(R) Core(TM) i9-12900H,,,-76.523,3.4385,15.306755065917969,machine,N,1.0
2025-06-06T10:20:34,langgraph_pdf_chatbot,e542b5ac-ca3c-443d-99fe-2131f5955d05,5b0fa12a-3dd7-45bb-9766-cc326314d9f1,8.024723854000058,9.760934814569273e-06,1.2163577204845211e-06,8.0,0.0,10.0,1.6717296311110962e-05,0.0,2.089550166111091e-05,3.7612797972221874e-05,Colombia,COL,valle del cauca department,,,Linux-6.11.0-17-generic-x86_64-with-glibc2.39,3.10.16,3.0.2,20,12th Gen Intel(R) Core(TM) i9-12900H,,,-76.523,3.4385,15.306755065917969,machine,N,1.0
2025-06-06T10:21:02,langgraph_pdf_chatbot,f3873277-9528-4311-939f-99c4ff5d7028,5b0fa12a-3dd7-45bb-9766-cc326314d9f1,6.594766080000227,7.904700255153967e-06,1.1986323941233249e-06,8.0,0.0,10.0,1.3539475360000022e-05,0.0,1.692050612500048e-05,3.04599814850005e-05,Colombia,COL,valle del cauca department,,,Linux-6.11.0-17-generic-x86_64-with-glibc2.39,3.10.16,3.0.2,20,12th Gen Intel(R) Core(TM) i9-12900H,,,-76.523,3.4385,15.306755065917969,machine,N,1.0
2025-06-06T10:24:21,langgraph_pdf_chatbot,16a361b3-bc41-4c1b-847f-5ed7e745c6da,5b0fa12a-3dd7-45bb-9766-cc326314d9f1,11.31512285100007,1.4030640154051797e-05,1.239990085729535e-06,8.0,0.0,10.0,2.4030922395556144e-05,0.0,3.0034763275000384e-05,5.4065685670556525e-05,Colombia,COL,valle del cauca department,,,Linux-6.11.0-17-generic-x86_64-with-glibc2.39,3.10.16,3.0.2,20,12th Gen Intel(R) Core(TM) i9-12900H,,,-76.523,3.4385,15.306755065917969,machine,N,1.0
2025-06-06T10:24:45,langgraph_pdf_chatbot,da53c679-ed91-422d-9f2c-6fa0133b6446,5b0fa12a-3dd7-45bb-9766-cc326314d9f1,9.982645465000132,1.2301292222877869e-05,1.2322677656946823e-06,8.0,0.0,10.0,2.1068858177777656e-05,0.0,2.633295609166705e-05,4.740181426944471e-05,Colombia,COL,valle del cauca department,,,Linux-6.11.0-17-generic-x86_64-with-glibc2.39,3.10.16,3.0.2,20,12th Gen Intel(R) Core(TM) i9-12900H,,,-76.523,3.4385,15.306755065917969,machine,N,1.0
2025-06-06T10:25:13,langgraph_pdf_chatbot,d0b4c1b0-489c-4dab-9bbd-4df10100eae5,5b0fa12a-3dd7-45bb-9766-cc326314d9f1,15.001777063999723,1.8813666482357287e-05,1.254095858250359e-06,8.0,0.0,10.0,3.222212775777734e-05,0.0,4.027447732777697e-05,7.249660508555431e-05,Colombia,COL,valle del cauca department,,,Linux-6.11.0-17-generic-x86_64-with-glibc2.39,3.10.16,3.0.2,20,12th Gen Intel(R) Core(TM) i9-12900H,,,-76.523,3.4385,15.306755065917969,machine,N,1.0
2025-06-06T10:26:25,langgraph_pdf_chatbot,3ea1df29-24bd-4afc-b873-cfb7cc96227f,5b0fa12a-3dd7-45bb-9766-cc326314d9f1,13.23443223000004,1.6519830748916797e-05,1.24824627621496e-06,8.0,0.0,10.0,2.8293482604444256e-05,0.0,3.5364053102777386e-05,6.365753570722164e-05,Colombia,COL,valle del cauca department,,,Linux-6.11.0-17-generic-x86_64-with-glibc2.39,3.10.16,3.0.2,20,12th Gen Intel(R) Core(TM) i9-12900H,,,-76.523,3.4385,15.306755065917969,machine,N,1.0
2025-06-06T10:26:47,langgraph_pdf_chatbot,38acf378-af1d-44fa-876d-932379152516,5b0fa12a-3dd7-45bb-9766-cc326314d9f1,8.241023547999248,1.004214285959635e-05,1.2185552924471835e-06,8.0,0.0,10.0,1.7198781899999937e-05,0.0,2.1497623491664955e-05,3.8696405391664895e-05,Colombia,COL,valle del cauca department,,,Linux-6.11.0-17-generic-x86_64-with-glibc2.39,3.10.16,3.0.2,20,12th Gen Intel(R) Core(TM) i9-12900H,,,-76.523,3.4385,15.306755065917969,machine,N,1.0
2025-06-06T10:27:20,langgraph_pdf_chatbot,1645e3a4-b09d-416a-a513-e562bcff8e0a,5b0fa12a-3dd7-45bb-9766-cc326314d9f1,9.391841687000124,1.153373766142712e-05,1.2280592077474791e-06,8.0,0.0,10.0,1.9755384619998543e-05,0.0,2.4688733977776182e-05,4.444411859777473e-05,Colombia,COL,valle del cauca department,,,Linux-6.11.0-17-generic-x86_64-with-glibc2.39,3.10.16,3.0.2,20,12th Gen Intel(R) Core(TM) i9-12900H,,,-76.523,3.4385,15.306755065917969,machine,N,1.0
2025-06-06T10:27:47,langgraph_pdf_chatbot,1c5f85c5-2d11-4307-8647-0a15b35760e9,5b0fa12a-3dd7-45bb-9766-cc326314d9f1,6.445466789999955,7.710832866520326e-06,1.196318764450632e-06,8.0,0.0,10.0,1.3207914575555656e-05,0.0,1.650501808055651e-05,2.9712932656112167e-05,Colombia,COL,valle del cauca department,,,Linux-6.11.0-17-generic-x86_64-with-glibc2.39,3.10.16,3.0.2,20,12th Gen Intel(R) Core(TM) i9-12900H,,,-76.523,3.4385,15.306755065917969,machine,N,1.0
2025-06-06T10:28:07,langgraph_pdf_chatbot,e44f3163-9521-446d-9a57-56687a510bd8,5b0fa12a-3dd7-45bb-9766-cc326314d9f1,5.808637445999921,6.307400167862349e-08,1.0858657002608929e-08,8.0,0.0,10.0,1.1793319486668124e-05,0.0,1.4739368969445524e-05,2.6532688456113647e-05,Canada,CAN,quebec,,,Linux-6.11.0-17-generic-x86_64-with-glibc2.39,3.10.16,3.0.2,20,12th Gen Intel(R) Core(TM) i9-12900H,,,-71.2,46.8,15.306755065917969,machine,N,1.0
2025-06-06T10:51:36,langgraph_pdf_chatbot,cbd3ea23-69d8-4a34-b37b-25c147927162,5b0fa12a-3dd7-45bb-9766-cc326314d9f1,6.827089571000215,8.20577911829238e-06,1.2019439664521904e-06,8.0,0.0,10.0,1.4055799811111582e-05,0.0,1.756435932777802e-05,3.16201591388896e-05,Colombia,COL,valle del cauca department,,,Linux-6.11.0-17-generic-x86_64-with-glibc2.39,3.10.16,3.0.2,20,12th Gen Intel(R) Core(TM) i9-12900H,,,-76.523,3.4385,15.306755065917969,machine,N,1.0
2025-06-06T10:53:07,langgraph_pdf_chatbot,11ca91f6-040a-41e5-a511-6d03b2bf5ebf,5b0fa12a-3dd7-45bb-9766-cc326314d9f1,11.178688623999731,1.2689640167764176e-07,1.1351635772840613e-08,8.0,0.0,10.0,2.372654243555492e-05,0.0,2.9653655463888148e-05,5.338019789944307e-05,Canada,CAN,quebec,,,Linux-6.11.0-17-generic-x86_64-with-glibc2.39,3.10.16,3.0.2,20,12th Gen Intel(R) Core(TM) i9-12900H,,,-71.2,46.8,15.306755065917969,machine,N,1.0
2025-06-06T11:09:26,langgraph_pdf_chatbot,e6833573-ac69-4811-a740-892a4d113dd0,5b0fa12a-3dd7-45bb-9766-cc326314d9f1,16.304820882000058,3.7210287208284347e-07,2.28216473382809e-08,8.0,0.0,10.0,6.957083897555599e-05,0.0,8.695783077499882e-05,0.0001565286697505,Canada,CAN,quebec,,,Linux-6.11.0-17-generic-x86_64-with-glibc2.39,3.10.16,3.0.2,20,12th Gen Intel(R) Core(TM) i9-12900H,,,-71.2,46.8,15.306755065917969,machine,N,1.0
2025-06-06T11:09:58,langgraph_pdf_chatbot,54fffb7a-8b0c-45ef-91a1-e82ca3c97153,5b0fa12a-3dd7-45bb-9766-cc326314d9f1,11.679476102999615,1.4503850711966642e-05,1.241823741412652e-06,8.0,0.0,10.0,2.483999287110944e-05,0.0,3.104916293333291e-05,5.588915580444235e-05,Colombia,COL,valle del cauca department,,,Linux-6.11.0-17-generic-x86_64-with-glibc2.39,3.10.16,3.0.2,20,12th Gen Intel(R) Core(TM) i9-12900H,,,-76.523,3.4385,15.306755065917969,machine,N,1.0
2025-06-06T11:52:33,langgraph_pdf_chatbot,9ba6fffa-422f-4a49-9b55-6d0a8ea317bb,5b0fa12a-3dd7-45bb-9766-cc326314d9f1,10.917713050001112,1.2379891148330104e-07,1.1339271413007912e-08,8.0,0.0,10.0,2.3146130837776585e-05,0.0,2.8931077872221063e-05,5.2077208709997645e-05,Canada,CAN,quebec,,,Linux-6.11.0-17-generic-x86_64-with-glibc2.39,3.10.16,3.0.2,20,12th Gen Intel(R) Core(TM) i9-12900H,,,-71.2,46.8,15.306755065917969,machine,N,1.0
2025-06-06T11:56:29,langgraph_pdf_chatbot,20269068-5028-4054-b8f7-6353bcb2c799,5b0fa12a-3dd7-45bb-9766-cc326314d9f1,13.576245579000895,1.698120942536098e-05,1.2508030535059505e-06,8.018461538461539,0.0,10.0,2.912170099646296e-05,0.0,3.6313711858333086e-05,6.543541285479604e-05,Colombia,COL,valle del cauca department,,,Linux-6.11.0-17-generic-x86_64-with-glibc2.39,3.10.16,3.0.2,20,12th Gen Intel(R) Core(TM) i9-12900H,,,-76.523,3.4385,15.306755065917969,machine,N,1.0
2025-06-06T11:58:06,langgraph_pdf_chatbot,6d36c152-7159-4112-bf09-248483a56afc,5b0fa12a-3dd7-45bb-9766-cc326314d9f1,13.211655610999514,1.6654299149872314e-05,1.2605762396657227e-06,8.178461538461537,0.0,10.0,2.8874168677666607e-05,0.0,3.530152772777405e-05,6.417569640544065e-05,Colombia,COL,valle del cauca department,,,Linux-6.11.0-17-generic-x86_64-with-glibc2.39,3.10.16,3.0.2,20,12th Gen Intel(R) Core(TM) i9-12900H,,,-76.523,3.4385,15.306755065917969,machine,N,1.0
2025-06-06T12:03:59,langgraph_pdf_chatbot,a4f02b6b-bc68-44cc-abed-01a6243e081e,5b0fa12a-3dd7-45bb-9766-cc326314d9f1,11.57587158000024,1.4368997361591654e-05,1.241288594322101e-06,8.0,0.0,10.0,2.4610384366666648e-05,0.0,3.075912737499999e-05,5.536951174166664e-05,Colombia,COL,valle del cauca department,,,Linux-6.11.0-17-generic-x86_64-with-glibc2.39,3.10.16,3.0.2,20,12th Gen Intel(R) Core(TM) i9-12900H,,,-76.523,3.4385,15.306755065917969,machine,N,1.0
2025-06-07T00:42:40,langgraph_pdf_chatbot,8f70f32a-e03f-46df-b502-c75ff10a5654,5b0fa12a-3dd7-45bb-9766-cc326314d9f1,9.7773073999997,1.203572893559254e-05,1.230986041780062e-06,8.0,0.0,10.0,2.061304438666816e-05,0.0,2.576544799166085e-05,4.637849237832901e-05,Colombia,COL,valle del cauca department,,,Linux-6.11.0-17-generic-x86_64-with-glibc2.39,3.10.16,3.0.2,20,12th Gen Intel(R) Core(TM) i9-12900H,,,-76.523,3.4385,15.306755065917969,machine,N,1.0
2025-06-07T00:49:10,langgraph_pdf_chatbot,ca0e94a6-e305-46fd-929a-2f75ca5709fd,5b0fa12a-3dd7-45bb-9766-cc326314d9f1,7.911094579001656,9.612700402162958e-06,1.2150910731971096e-06,8.0,0.0,10.0,1.646525100888943e-05,0.0,2.057634030000675e-05,3.704159130889618e-05,Colombia,COL,valle del cauca department,,,Linux-6.11.0-17-generic-x86_64-with-glibc2.39,3.10.16,3.0.2,20,12th Gen Intel(R) Core(TM) i9-12900H,,,-76.523,3.4385,15.306755065917969,machine,N,1.0
2025-06-07T00:49:41,langgraph_pdf_chatbot,7ce32e18-0074-4ec3-a708-bbd2a9987e54,5b0fa12a-3dd7-45bb-9766-cc326314d9f1,12.168808905000333,1.513809506209319e-05,1.2440079534713323e-06,8.0,0.0,10.0,2.59277029111076e-05,0.0,3.240545083610616e-05,5.833315374721375e-05,Colombia,COL,valle del cauca department,,,Linux-6.11.0-17-generic-x86_64-with-glibc2.39,3.10.16,3.0.2,20,12th Gen Intel(R) Core(TM) i9-12900H,,,-76.523,3.4385,15.306755065917969,machine,N,1.0
2025-06-07T00:50:12,langgraph_pdf_chatbot,20199495-6036-43c9-9249-5040c3394350,5b0fa12a-3dd7-45bb-9766-cc326314d9f1,9.273070185001416,1.1381144924257374e-05,1.2273329865081396e-06,8.0,0.0,10.0,1.9493179835553748e-05,0.0,2.436293772500196e-05,4.3856117560555706e-05,Colombia,COL,valle del cauca department,,,Linux-6.11.0-17-generic-x86_64-with-glibc2.39,3.10.16,3.0.2,20,12th Gen Intel(R) Core(TM) i9-12900H,,,-76.523,3.4385,15.306755065917969,machine,N,1.0
2025-06-07T01:04:16,langgraph_pdf_chatbot,1b787f40-9bac-44b9-82e2-43d711bc49e6,5b0fa12a-3dd7-45bb-9766-cc326314d9f1,10.037271308996424,1.2422416541822243e-05,1.2376288494551315e-06,8.072,0.0,10.0,2.1382099540974496e-05,0.0,2.6486455324993587e-05,4.786855486596808e-05,Colombia,COL,valle del cauca department,,,Linux-6.11.0-17-generic-x86_64-with-glibc2.39,3.10.16,3.0.2,20,12th Gen Intel(R) Core(TM) i9-12900H,,,-76.523,3.4385,15.306755065917969,machine,N,1.0
2025-06-07T01:05:03,langgraph_pdf_chatbot,10174914-7dad-4133-940e-33dcb4bdc9f4,5b0fa12a-3dd7-45bb-9766-cc326314d9f1,7.149505254004907,8.625504432151836e-06,1.2064477366906086e-06,8.0,0.0,10.0,1.477306978000949e-05,0.0,1.8464459388896e-05,3.323752916890549e-05,Colombia,COL,valle del cauca department,,,Linux-6.11.0-17-generic-x86_64-with-glibc2.39,3.10.16,3.0.2,20,12th Gen Intel(R) Core(TM) i9-12900H,,,-76.523,3.4385,15.306755065917969,machine,N,1.0
2025-06-07T01:05:25,langgraph_pdf_chatbot,d9bd0695-29da-43f9-b71b-b54cb37cc763,5b0fa12a-3dd7-45bb-9766-cc326314d9f1,6.618009894998977,7.935784506661213e-06,1.199119468325068e-06,8.0,0.0,10.0,1.3591432202212876e-05,0.0,1.6988329374988906e-05,3.057976157720178e-05,Colombia,COL,valle del cauca department,,,Linux-6.11.0-17-generic-x86_64-with-glibc2.39,3.10.16,3.0.2,20,12th Gen Intel(R) Core(TM) i9-12900H,,,-76.523,3.4385,15.306755065917969,machine,N,1.0
2025-06-07T01:14:28,langgraph_pdf_chatbot,aa456866-e197-4212-b2bd-dc9ad5cc2e95,5b0fa12a-3dd7-45bb-9766-cc326314d9f1,9.639404643996386,1.0859738772263593e-07,1.1265984957927101e-08,8.0,0.0,10.0,2.030458903554568e-05,0.0,2.537795177221496e-05,4.568254080776064e-05,Canada,CAN,quebec,,,Linux-6.11.0-17-generic-x86_64-with-glibc2.39,3.10.16,3.0.2,20,12th Gen Intel(R) Core(TM) i9-12900H,,,-71.2,46.8,15.306755065917969,machine,N,1.0
2025-06-07T01:14:54,langgraph_pdf_chatbot,d20f637c-4ad5-476e-b210-8a509540c1df,5b0fa12a-3dd7-45bb-9766-cc326314d9f1,6.461691581993364,7.733104743979536e-06,1.1967616599853183e-06,8.0,0.0,10.0,1.324489756888296e-05,0.0,1.6553857566658635e-05,2.97987551355416e-05,Colombia,COL,valle del cauca department,,,Linux-6.11.0-17-generic-x86_64-with-glibc2.39,3.10.16,3.0.2,20,12th Gen Intel(R) Core(TM) i9-12900H,,,-76.523,3.4385,15.306755065917969,machine,N,1.0
2025-06-07T01:15:25,langgraph_pdf_chatbot,21872b9e-e26d-4d47-8793-21ca296705ed,5b0fa12a-3dd7-45bb-9766-cc326314d9f1,12.02006201599579,1.3689800099060078e-07,1.1389126013528272e-08,8.0,0.0,10.0,2.559763676666383e-05,0.0,3.198983055553981e-05,5.758746732220364e-05,Canada,CAN,quebec,,,Linux-6.11.0-17-generic-x86_64-with-glibc2.39,3.10.16,3.0.2,20,12th Gen Intel(R) Core(TM) i9-12900H,,,-71.2,46.8,15.306755065917969,machine,N,1.0
2025-06-13T11:24:29,langgraph_pdf_chatbot,ae00815a-0d49-428f-8a7a-8d595eabc31d,5b0fa12a-3dd7-45bb-9766-cc326314d9f1,21.07289940800001,5.9878300294091634e-05,2.841483705434466e-06,10.045714285714284,21.36839522266001,10.0,6.987775719060364e-05,0.0001051270285459,5.573032874444582e-05,0.000230735114481,Colombia,COL,valle del cauca department,,,Linux-6.11.0-26-generic-x86_64-with-glibc2.39,3.10.16,3.0.2,20,12th Gen Intel(R) Core(TM) i9-12900H,1.0,1 x NVIDIA GeForce RTX 3070 Laptop GPU,-76.523,3.4385,15.306724548339844,machine,N,1.0
2025-06-13T11:25:04,langgraph_pdf_chatbot,6fc3d9f8-303c-4b84-a2f8-0d0f34c6c9cc,5b0fa12a-3dd7-45bb-9766-cc326314d9f1,9.711091105999913,2.9242885067280904e-05,3.0112872743221864e-06,8.97777777777778,23.78604046077548,10.0,2.295963455390174e-05,6.415366243399997e-05,2.557127155555464e-05,0.0001126845685434,Colombia,COL,valle del cauca department,,,Linux-6.11.0-26-generic-x86_64-with-glibc2.39,3.10.16,3.0.2,20,12th Gen Intel(R) Core(TM) i9-12900H,1.0,1 x NVIDIA GeForce RTX 3070 Laptop GPU,-76.523,3.4385,15.306724548339844,machine,N,1.0
2025-06-13T11:27:02,langgraph_pdf_chatbot,be2b2c7b-500f-4746-a10e-b45e7b6fdc95,5b0fa12a-3dd7-45bb-9766-cc326314d9f1,10.524154100000487,3.0413760400127703e-05,2.889900709466645e-06,8.264000000000001,22.70323575133096,10.0,2.3004467733675656e-05,6.636116419999998e-05,2.783078902777764e-05,0.0001171964209614,Colombia,COL,valle del cauca department,,,Linux-6.11.0-26-generic-x86_64-with-glibc2.39,3.10.16,3.0.2,20,12th Gen Intel(R) Core(TM) i9-12900H,1.0,1 x NVIDIA GeForce RTX 3070 Laptop GPU,-76.523,3.4385,15.306724548339844,machine,N,1.0
2025-06-13T11:28:12,langgraph_pdf_chatbot,b86ccce1-3545-4ace-8d0d-4f08ea8af830,5b0fa12a-3dd7-45bb-9766-cc326314d9f1,7.252766892999716,2.3462868721327902e-05,3.235023139096609e-06,8.114285714285714,28.02648547060815,10.0,1.5213622605840952e-05,5.645337849599988e-05,1.8744845491667346e-05,9.041184659350816e-05,Colombia,COL,valle del cauca department,,,Linux-6.11.0-26-generic-x86_64-with-glibc2.39,3.10.16,3.0.2,20,12th Gen Intel(R) Core(TM) i9-12900H,1.0,1 x NVIDIA GeForce RTX 3070 Laptop GPU,-76.523,3.4385,15.306724548339844,machine,N,1.0
2025-06-13T11:28:56,langgraph_pdf_chatbot,9a4cd506-a111-4779-9324-05c18e0603ff,5b0fa12a-3dd7-45bb-9766-cc326314d9f1,9.660941593999269,2.8154731170120165e-05,2.914284378616677e-06,8.32,23.068220897898776,10.0,2.116374327715538e-05,6.189643840599996e-05,2.543129332222078e-05,0.00010849147500537611,Colombia,COL,valle del cauca department,,,Linux-6.11.0-26-generic-x86_64-with-glibc2.39,3.10.16,3.0.2,20,12th Gen Intel(R) Core(TM) i9-12900H,1.0,1 x NVIDIA GeForce RTX 3070 Laptop GPU,-76.523,3.4385,15.306724548339844,machine,N,1.0
